{
  "project_info": {
    "project_number": "226731883031",
    "firebase_url": "https://showapp-1dacd.firebaseio.com",
    "project_id": "showapp-1dacd",
    "storage_bucket": "showapp-1dacd.appspot.com"
  },
  "client": [
    {
      "client_info": {
        "mobilesdk_app_id": "1:226731883031:android:3a63ed06e6b2e3f4",
        "android_client_info": {
          "package_name": "com.example.showapp"
        }
      },
      "oauth_client": [
        {
          "client_id": "226731883031-gcdojo2j1j8pdmtmk5j4mi8j82mav1fg.apps.googleusercontent.com",
          "client_type": 1,
          "android_info": {
            "package_name": "com.example.showapp",
            "certificate_hash": "fb3d3b64205cc607f67c775662618570b0d1a652"
          }
        },
        {
          "client_id": "226731883031-s20taphromkc2nvh5sldc96ehtmfg6ph.apps.googleusercontent.com",
          "client_type": 3
        }
      ],
      "api_key": [
        {
          "current_key": "AIzaSyBe0wgv5sx4a_jRZ13zmR-ly-n-wpjLUK4"
        }
      ],
      "services": {
        "analytics_service": {
          "status": 1
        },
        "appinvite_service": {
          "status": 2,
          "other_platform_oauth_client": [
            {
              "client_id": "226731883031-s20taphromkc2nvh5sldc96ehtmfg6ph.apps.googleusercontent.com",
              "client_type": 3
            }
          ]
        },
        "ads_service": {
          "status": 2
        }
      }
    }
  ],
  "configuration_version": "1"
}